stratifier,source_column,model,target,stratum,rows,months,rank_ic_mean,rank_ic_t_hac6,spread_mean,spread_t_hac6,annualized_spread_approx,hit_rate_mean,hit_rate_t_hac6,avg_top_names,avg_bottom_names,annualized_spread_to_vol_proxy
size,mktcap_proxy,lgbm_all,fwd_ret_1m,large,189908,155,0.016029128241473584,2.576076542425542,0.0041315601543287514,1.6709246880115627,0.04957872185194502,0.5516015394497344,42.851907204190994,123.06451612903226,122.06451612903226,0.4781044298827859
size,mktcap_proxy,lgbm_all,fwd_ret_1m,mid,189855,155,0.03144158377030559,4.7812040735547745,0.013720393855057673,4.447731348350027,0.16464472626069207,0.5231317479954898,45.74266871053592,123.02580645161291,122.02580645161291,1.1657777690405862
size,mktcap_proxy,lgbm_all,fwd_ret_1m,small,189806,155,0.04562847859340587,7.057016504804552,0.021062566290723183,4.998937181660108,0.2527507954886782,0.4930584730892637,47.35372633700089,123.0,122.0,1.1617299478545555
size,mktcap_proxy,lgbm_all,fwd_ret_3m,large,186260,153,0.021949177715695323,2.295333521868718,0.011174649128781019,1.4245851487176695,0.044698596515124076,0.5829411956237206,30.817821036694856,122.30065359477125,121.30065359477125,0.385665635556464
size,mktcap_proxy,lgbm_all,fwd_ret_3m,mid,185405,153,0.0532062634791478,5.206835144005174,0.02595857251113806,2.8732848720292687,0.10383429004455225,0.5416397729037052,31.533236748582354,121.71895424836602,120.71895424836602,0.7055518231617104
size,mktcap_proxy,lgbm_all,fwd_ret_3m,small,183898,153,0.04691387699510295,4.63288893492479,0.03983679908526123,3.1229279625862807,0.1593471963410449,0.5019771706191014,31.768617329832836,120.72549019607843,119.72549019607843,0.7500577025142944
size,mktcap_proxy,lgbm_network_pressure,fwd_ret_1m,large,189908,155,0.008567777169273467,1.507355932058631,0.0026384812837024047,1.5782980245116613,0.031661775404428855,0.5519375345511578,41.254092426915655,123.06451612903226,122.06451612903226,0.3498659774570942
size,mktcap_proxy,lgbm_network_pressure,fwd_ret_1m,mid,189855,155,0.017130052946040728,3.4240826276223375,0.005917594067906169,2.3077014048148428,0.07101112881487404,0.5202208556406497,44.25591576162385,123.02580645161291,122.02580645161291,0.5774029558311378
size,mktcap_proxy,lgbm_network_pressure,fwd_ret_1m,small,189806,155,0.008704320829216702,0.8538625610206023,0.006299871319967714,1.6253258733258313,0.07559845583961257,0.4847319273964984,50.875100794414564,123.0,122.0,0.4812819680259932
size,mktcap_proxy,lgbm_network_pressure,fwd_ret_3m,large,186260,153,0.0073156300390207485,1.0325951181608453,0.0032661193045028856,0.8010803428271354,0.013064477218011543,0.5849256475417798,28.263893360658805,122.30065359477125,121.30065359477125,0.16074723681821446
size,mktcap_proxy,lgbm_network_pressure,fwd_ret_3m,mid,185405,153,0.02843186382988347,4.493111482205528,0.020176894343259935,3.100184048482187,0.08070757737303974,0.5314536401116197,27.123655881978483,121.71895424836602,120.71895424836602,0.6776085806501208
size,mktcap_proxy,lgbm_network_pressure,fwd_ret_3m,small,183898,153,0.014346209544809023,0.901522687009974,0.010709768875605982,0.8683321457509577,0.042839075502423926,0.4766809465740631,29.42823405384814,120.72549019607843,119.72549019607843,0.21403503649825992
size,mktcap_proxy,lgbm_no_network,fwd_ret_1m,large,189908,155,0.016106261147711503,2.42631478403168,0.003052162435642643,1.3745542874695746,0.036625949227711715,0.5510310105737114,43.08754496116381,123.06451612903226,122.06451612903226,0.36536987601294285
size,mktcap_proxy,lgbm_no_network,fwd_ret_1m,mid,189855,155,0.03260105122891829,5.511255770492191,0.010770256468884853,3.433704687633839,0.12924307762661824,0.5244708636862365,46.7514791902444,123.02580645161291,122.02580645161291,0.8817665319320273
size,mktcap_proxy,lgbm_no_network,fwd_ret_1m,small,189806,155,0.0543169819374811,10.53619423101488,0.025634429556527352,3.4254545493145563,0.3076131546783282,0.49803187543918986,53.00561635700636,123.0,122.0,1.1312445438669243
size,mktcap_proxy,lgbm_no_network,fwd_ret_3m,large,186260,153,0.021120051515174664,2.787923730940137,0.01291701370080437,2.021752439486295,0.05166805480321748,0.5736663394850174,30.563633927386928,122.30065359477125,121.30065359477125,0.48691780470917706
size,mktcap_proxy,lgbm_no_network,fwd_ret_3m,mid,185405,153,0.04443162115306877,5.492122263730743,0.025374866671006874,2.8570922481122434,0.1014994666840275,0.5310549367141983,32.29127158563225,121.71895424836602,120.71895424836602,0.5696561498297045
size,mktcap_proxy,lgbm_no_network,fwd_ret_3m,small,183898,153,0.06914204236336996,7.6901062616083875,0.04668820231783402,2.8935872601893413,0.18675280927133608,0.5053018697334308,37.0562194730736,120.72549019607843,119.72549019607843,0.6886764436886638
size,mktcap_proxy,ridge_all,fwd_ret_1m,large,189908,155,0.02345483958368807,2.976505624821984,0.002346418206804646,0.7453089008547186,0.028157018481655756,0.5469089275057898,49.053928107232835,123.06451612903226,122.06451612903226,0.22437141204793626
size,mktcap_proxy,ridge_all,fwd_ret_1m,mid,189855,155,0.053932595387765986,7.788870014632306,0.013767296249665615,3.328395771521224,0.16520755499598738,0.5249784119460469,45.89481201642526,123.02580645161291,122.02580645161291,0.9059972939599398
size,mktcap_proxy,ridge_all,fwd_ret_1m,small,189806,155,0.08207849208349562,11.043201346751182,0.03360479308442947,5.226423212238661,0.40325751701315365,0.5026327138409152,65.02047357802034,123.0,122.0,1.4714541421509577
size,mktcap_proxy,ridge_all,fwd_ret_3m,large,186260,153,0.03446212700816527,3.1323107780585455,0.005987183772194055,0.7874576050605155,0.02394873508877622,0.5770154097019007,31.63640576445643,122.30065359477125,121.30065359477125,0.2059866312258766
size,mktcap_proxy,ridge_all,fwd_ret_3m,mid,185405,153,0.07279562070231925,6.689786553408215,0.034906763927233686,2.81822713964509,0.13962705570893474,0.5386123780669552,27.1332283927191,121.71895424836602,120.71895424836602,0.7077088386977383
size,mktcap_proxy,ridge_all,fwd_ret_3m,small,183898,153,0.09617848654998166,8.300173352584519,0.07274653695270995,3.855752739889681,0.2909861478108398,0.4962738061632349,28.802453541868072,120.72549019607843,119.72549019607843,0.9295750997906546
volatility,vol,lgbm_all,fwd_ret_1m,high_vol,189912,155,0.05473332664771656,5.144774217309322,0.02320426774339018,4.577306681500412,0.27845121292068215,0.5363772668303182,45.62825930635895,123.07096774193549,122.07096774193549,1.1766948586432664
volatility,vol,lgbm_all,fwd_ret_1m,low_vol,189814,155,0.02773186821653922,5.912405307517741,0.005539014577118101,2.3194948670951807,0.0664681749254172,0.5122947243830371,49.521824636422686,123.0,122.0,0.5097496322529415
volatility,vol,lgbm_all,fwd_ret_1m,mid_vol,189863,155,0.035277687634206405,6.654007650883889,0.015880734774858674,5.084430325398344,0.1905688172983041,0.5191214912840801,42.8020552523883,123.03870967741935,122.03870967741935,1.3384191317749774
volatility,vol,lgbm_all,fwd_ret_3m,high_vol,185251,153,0.1021692249542256,6.799750495667209,0.05322366290760762,4.440550927407177,0.21289465163043048,0.5579935082750405,38.15458680653873,121.63398692810458,120.63398692810458,1.0688591185715326
volatility,vol,lgbm_all,fwd_ret_3m,low_vol,184871,153,0.032862397824352636,3.0224813875986336,0.02132055127266602,2.483864052001135,0.08528220509066407,0.5370851001538277,31.02411286060873,121.41176470588235,120.41176470588235,0.5560431001838559
volatility,vol,lgbm_all,fwd_ret_3m,mid_vol,185458,153,0.03798410583673623,4.469376181950347,0.02458794088278858,2.638005083876057,0.09835176353115432,0.5321338853551382,27.5131864732918,121.77777777777777,120.77777777777777,0.5536040670987569
volatility,vol,lgbm_network_pressure,fwd_ret_1m,high_vol,189912,155,0.022364576443694894,2.019301618386368,0.006562883530885973,1.3720075447578055,0.07875460237063167,0.5280318459388785,40.727701509239516,123.07096774193549,122.07096774193549,0.38573317444017047
volatility,vol,lgbm_network_pressure,fwd_ret_1m,low_vol,189814,155,0.01729320444789325,2.5107599575759583,0.006780971399444858,2.5419218081629316,0.0813716567933383,0.5116882195147393,55.18093103654796,123.0,122.0,0.5958350565645518
volatility,vol,lgbm_network_pressure,fwd_ret_1m,mid_vol,189863,155,0.02586776174145303,3.0912050277669545,0.006898853980792598,2.026652023103978,0.08278624776951118,0.5171945044058696,42.65717725285704,123.03870967741935,122.03870967741935,0.5399223755058449
volatility,vol,lgbm_network_pressure,fwd_ret_3m,high_vol,185251,153,0.01766201835874802,1.295447532978674,0.008936502378540103,0.6700187117639953,0.03574600951416041,0.5402302667200576,26.370214377816993,121.63398692810458,120.63398692810458,0.1918521063553929
volatility,vol,lgbm_network_pressure,fwd_ret_3m,low_vol,184871,153,0.020191181319275803,1.7343004139990883,0.011905020668729182,1.2714761989674017,0.04762008267491673,0.5265726756036132,31.700839920658115,121.41176470588235,120.41176470588235,0.2854352112484856
volatility,vol,lgbm_network_pressure,fwd_ret_3m,mid_vol,185458,153,0.024511160807522064,2.1152145811413825,0.004620452747992902,0.41342349039593757,0.018481810991971607,0.5270570402570651,26.434965574975944,121.77777777777777,120.77777777777777,0.10793067945255896
volatility,vol,lgbm_no_network,fwd_ret_1m,high_vol,189912,155,0.07030957938561094,6.517040894736605,0.022773717645667702,3.4712117196758903,0.27328461174801244,0.5389595291564521,51.34137602715363,123.07096774193549,122.07096774193549,1.0253780057988917
volatility,vol,lgbm_no_network,fwd_ret_1m,low_vol,189814,155,0.030614140819435653,6.538696048718269,0.004058101963726051,1.4037099703156561,0.04869722356471261,0.5137263552575386,48.68845095977346,123.0,122.0,0.3193618637781541
volatility,vol,lgbm_no_network,fwd_ret_1m,mid_vol,189863,155,0.04313393489991549,8.418469658672423,0.01187329472257798,2.833711915138296,0.14247953667093577,0.5208408631294377,44.64636303151725,123.03870967741935,122.03870967741935,0.760954073171531
volatility,vol,lgbm_no_network,fwd_ret_3m,high_vol,185251,153,0.11430617834431296,6.430870072980108,0.05344380272844128,2.731820603951894,0.2137752109137651,0.5489399982734393,38.57922391446273,121.63398692810458,120.63398692810458,0.6974061630251502
volatility,vol,lgbm_no_network,fwd_ret_3m,low_vol,184871,153,0.029299060123314895,3.9104662382186786,0.012512356987185738,2.0430871319145023,0.05004942794874295,0.5312611856898041,32.532934622959374,121.41176470588235,120.41176470588235,0.32101030731324526
volatility,vol,lgbm_no_network,fwd_ret_3m,mid_vol,185458,153,0.053555381857412564,9.858178842717106,0.03026489602687913,3.9834881323250784,0.12105958410751652,0.5303149079493964,28.450105655317852,121.77777777777777,120.77777777777777,0.7593232923514671
volatility,vol,ridge_all,fwd_ret_1m,high_vol,189912,155,0.06479667830579255,5.9753827908613,0.015843520288457504,2.148974632045203,0.19012224346149004,0.530955960464044,57.1793655829436,123.07096774193549,122.07096774193549,0.6999976404183456
volatility,vol,ridge_all,fwd_ret_1m,low_vol,189814,155,0.07553768057980023,10.513353744317858,0.015284563878161557,3.491761200818977,0.18341476653793867,0.5210630689588817,55.247602051356154,123.0,122.0,0.9679293661268836
volatility,vol,ridge_all,fwd_ret_1m,mid_vol,189863,155,0.07448695947003403,9.330074290442797,0.017409894413619863,3.456315587510619,0.20891873296343835,0.5224959910402117,44.72272348353958,123.03870967741935,122.03870967741935,0.9946760482313526
volatility,vol,ridge_all,fwd_ret_3m,high_vol,185251,153,0.081102224220788,5.525577356513583,0.025935133558025656,1.4191828281986578,0.10374053423210262,0.5405983102172346,33.266781909114584,121.63398692810458,120.63398692810458,0.37087793974207134
volatility,vol,ridge_all,fwd_ret_3m,low_vol,184871,153,0.08679835739352157,7.372378727450395,0.03590415351660432,3.140427170398152,0.1436166140664173,0.5423713159261774,29.55329173892775,121.41176470588235,120.41176470588235,0.8197975349442272
volatility,vol,ridge_all,fwd_ret_3m,mid_vol,185458,153,0.096849707451409,7.27563643567241,0.03530342853968144,2.667289073820467,0.14121371415872577,0.5296016451086959,25.65456910334673,121.77777777777777,120.77777777777777,0.6685263169007003
fragility,fragility_proxy,lgbm_all,fwd_ret_1m,high_fragility,189915,155,0.042155710495786994,5.299372507288581,0.01709751659288229,3.7844854441721254,0.20517019911458745,0.5293108161720166,54.50923763176462,123.07096774193549,122.07096774193549,1.0152498830804482
fragility,fragility_proxy,lgbm_all,fwd_ret_1m,low_fragility,189816,155,0.04881460415538279,7.717990781598854,0.016521212354185574,5.325487284505143,0.19825454825022687,0.5104507967365252,42.93768369572547,123.0,122.0,1.156602519827277
fragility,fragility_proxy,lgbm_all,fwd_ret_1m,mid_fragility,189865,155,0.025892497252803622,4.966604772099229,0.006963373350687116,2.5993213190536206,0.08356048020824539,0.5280278695764035,44.76994734625313,123.04516129032258,122.04516129032258,0.5784972631609303
fragility,fragility_proxy,lgbm_all,fwd_ret_3m,high_fragility,184261,153,0.05015599954671886,4.257016673531919,0.03412830993672797,3.2093306921444738,0.13651323974691187,0.5499695536345484,39.09020107698032,121.0,120.0,0.7620270668166996
fragility,fragility_proxy,lgbm_all,fwd_ret_3m,low_fragility,185975,153,0.061847112225005746,6.538755004105833,0.04000445659369588,5.156860841335258,0.1600178263747835,0.527563777132363,29.38402340942978,122.11764705882354,121.11764705882354,1.0241998366946694
fragility,fragility_proxy,lgbm_all,fwd_ret_3m,mid_fragility,185350,153,0.03243872617516052,5.021960164872286,0.007099370431552288,0.9763455126054533,0.02839748172620915,0.5497763910371233,30.65339162160786,121.69934640522875,120.69934640522875,0.2103576061012193
fragility,fragility_proxy,lgbm_network_pressure,fwd_ret_1m,high_fragility,189915,155,0.027460340425380304,3.126684773335455,0.005607177726123975,1.8426353330271354,0.0672861327134877,0.5261196862044852,52.242276964078755,123.07096774193549,122.07096774193549,0.35051408315407157
fragility,fragility_proxy,lgbm_network_pressure,fwd_ret_1m,low_fragility,189816,155,0.020214984568615854,1.758760079851829,0.0022869460493103056,0.575618763073911,0.027443352591723667,0.5049142874973821,44.03839627587914,123.0,122.0,0.1821300227444788
fragility,fragility_proxy,lgbm_network_pressure,fwd_ret_1m,mid_fragility,189865,155,0.016243915305019625,2.9710249902373183,0.0009250762534327867,0.3293706294418946,0.01110091504119344,0.5258686288644983,44.143562422472876,123.04516129032258,122.04516129032258,0.07773769125196443
fragility,fragility_proxy,lgbm_network_pressure,fwd_ret_3m,high_fragility,184261,153,0.030776929277093572,2.9857292636625643,0.0005488717802181357,0.07012791950582849,0.0021954871208725428,0.5395232929106542,32.542434075632976,121.0,120.0,0.014292198352192646
fragility,fragility_proxy,lgbm_network_pressure,fwd_ret_3m,low_fragility,185975,153,0.02060036355626037,1.0858600948614547,0.010964859059346833,0.799772268060185,0.043859436237387334,0.5127730062596052,27.29115808691415,122.11764705882354,121.11764705882354,0.23114213125715424
fragility,fragility_proxy,lgbm_network_pressure,fwd_ret_3m,mid_fragility,185350,153,0.00793833594069329,1.1496160879217192,-0.004795638898377427,-0.5872775659771317,-0.019182555593509707,0.5416776827620321,28.186239192508186,121.69934640522875,120.69934640522875,-0.13090607545511668
fragility,fragility_proxy,lgbm_no_network,fwd_ret_1m,high_fragility,189915,155,0.0465132047831565,6.152830381831023,0.013697777913019352,2.5095321785549016,0.16437333495623224,0.5282116911505217,57.37613920213289,123.07096774193549,122.07096774193549,0.7172447746515844
fragility,fragility_proxy,lgbm_no_network,fwd_ret_1m,low_fragility,189816,155,0.05964280755243197,11.283724060640482,0.019701931181537534,3.534687719502969,0.2364231741784504,0.5150331990122381,45.05581987398104,123.0,122.0,0.9503300167903495
fragility,fragility_proxy,lgbm_no_network,fwd_ret_1m,mid_fragility,189865,155,0.029389805719829014,5.4637635262714275,0.006854110255694661,2.2167902428630786,0.08224932306833593,0.5302753700615498,47.11402343637419,123.04516129032258,122.04516129032258,0.5052324676589972
fragility,fragility_proxy,lgbm_no_network,fwd_ret_3m,high_fragility,184261,153,0.06419613716150811,6.08725911602908,0.032445474888277474,3.0154187847639435,0.1297818995531099,0.5371566826849338,40.08268368149533,121.0,120.0,0.6927084480054144
fragility,fragility_proxy,lgbm_no_network,fwd_ret_3m,low_fragility,185975,153,0.07502896443621955,10.835205719685389,0.05019453932663902,4.084920488356434,0.20077815730655607,0.5298038323579468,30.698296139223885,122.11764705882354,121.11764705882354,0.9684049492716188
fragility,fragility_proxy,lgbm_no_network,fwd_ret_3m,mid_fragility,185350,153,0.034987747603679814,4.2966818353795295,0.009332093915212376,0.8141198181506575,0.037328375660849504,0.5436332218001121,31.920939525183794,121.69934640522875,120.69934640522875,0.18726128171219714
fragility,fragility_proxy,ridge_all,fwd_ret_1m,high_fragility,189915,155,0.05970374529356705,6.544164499382266,0.01473752721054461,2.5773913137099718,0.17685032652653532,0.523371626220936,70.60909008739806,123.07096774193549,122.07096774193549,0.7935874460649459
fragility,fragility_proxy,ridge_all,fwd_ret_1m,low_fragility,189816,155,0.08963442366761265,12.950878524980286,0.02598894250014802,4.247931159642577,0.31186731000177625,0.5207648607668616,47.31369452171911,123.0,122.0,1.2637138938121761
fragility,fragility_proxy,ridge_all,fwd_ret_1m,mid_fragility,189865,155,0.06046780461134243,7.507788250375987,0.011302955688243082,2.0461617474520297,0.13563546825891698,0.5303756793303382,46.99996693169023,123.04516129032258,122.04516129032258,0.6546166243474107
fragility,fragility_proxy,ridge_all,fwd_ret_3m,high_fragility,184261,153,0.07066539443234784,4.555196469867125,0.026587989771885992,1.8171699187100945,0.10635195908754397,0.5374504320926404,37.70086527204236,121.0,120.0,0.47566568741529675
fragility,fragility_proxy,ridge_all,fwd_ret_3m,low_fragility,185975,153,0.10837816749880996,10.5564356125539,0.06402972309705521,4.321677422563222,0.25611889238822083,0.5266490142137685,26.13754813333102,122.11764705882354,121.11764705882354,1.1103986093999276
fragility,fragility_proxy,ridge_all,fwd_ret_3m,mid_fragility,185350,153,0.07557720670836485,6.189187816011897,0.01680019525579371,0.9905858141528744,0.06720078102317484,0.5485015788300452,27.980281410120487,121.69934640522875,120.69934640522875,0.25056592746465284
network_weighted_degree,network_weighted_degree,lgbm_all,fwd_ret_1m,high_network,189915,155,0.02023459660459439,3.374502200608376,0.004632862447724344,1.7253401240787876,0.05559434937269213,0.5524210778272077,42.95905176940144,123.07096774193549,122.07096774193549,0.48337768887736177
network_weighted_degree,network_weighted_degree,lgbm_all,fwd_ret_1m,low_network,189816,155,0.04549327874500416,7.420683838445962,0.0221675375928521,5.705055153229197,0.26601045111422517,0.4883623696966138,45.62858656598003,123.0,122.0,1.2909798885014863
network_weighted_degree,network_weighted_degree,lgbm_all,fwd_ret_1m,mid_network,189865,155,0.023861808377891796,3.706112409268404,0.0061639227263969145,1.7668431528882198,0.07396707271676298,0.5269924934674398,47.088840045617886,123.04516129032258,122.04516129032258,0.470019942996418
network_weighted_degree,network_weighted_degree,lgbm_all,fwd_ret_3m,high_network,185684,153,0.026218547415614867,2.9582873016928075,0.007938924862380486,0.968966222351078,0.031755699449521946,0.5821831865813843,30.097404923522753,121.89542483660131,120.89542483660131,0.267173982820377
network_weighted_degree,network_weighted_degree,lgbm_all,fwd_ret_3m,low_network,184622,153,0.05541391906904603,6.497178321326719,0.0504028390055531,4.88184771942926,0.2016113560222124,0.4951779022340941,33.65309745131229,121.22222222222223,120.22222222222223,1.1132262066087026
network_weighted_degree,network_weighted_degree,lgbm_all,fwd_ret_3m,mid_network,185280,153,0.03705536349917777,3.6617424794958815,0.01180783854412097,1.4289131157663957,0.04723135417648388,0.5495022940355352,31.269441354259,121.640522875817,120.640522875817,0.31732243513403785
network_weighted_degree,network_weighted_degree,lgbm_network_pressure,fwd_ret_1m,high_network,189915,155,0.012169586381756105,1.89547321780404,0.0042020306654876214,2.2081766359196693,0.050424367985851454,0.552143239973122,42.22894120893264,123.07096774193549,122.07096774193549,0.4691414301650405
network_weighted_degree,network_weighted_degree,lgbm_network_pressure,fwd_ret_1m,low_network,189816,155,0.007340899808158811,0.8797680416594168,0.007080009013015609,2.061230036485404,0.08496010815618732,0.479528249068924,47.33175504224624,123.0,122.0,0.5339970377374654
network_weighted_degree,network_weighted_degree,lgbm_network_pressure,fwd_ret_1m,mid_network,189865,155,0.01414943043169462,3.005049935224087,0.003882381652001955,1.708273896764598,0.04658857982402346,0.5252157759421785,45.43259733975235,123.04516129032258,122.04516129032258,0.3807715708735346
network_weighted_degree,network_weighted_degree,lgbm_network_pressure,fwd_ret_3m,high_network,185684,153,0.016280737888597616,1.980884042657651,0.008970080100769313,1.882088949002749,0.03588032040307725,0.5815099943359516,28.301802774680937,121.89542483660131,120.89542483660131,0.3730793484248549
network_weighted_degree,network_weighted_degree,lgbm_network_pressure,fwd_ret_3m,low_network,184622,153,0.011507204714439641,0.7445983637181101,0.005557037432529516,0.44427930315873404,0.022228149730118062,0.46666342170887565,27.774558187585317,121.22222222222223,120.22222222222223,0.1097348055974953
network_weighted_degree,network_weighted_degree,lgbm_network_pressure,fwd_ret_3m,mid_network,185280,153,0.03303293659095758,4.438925523706678,0.01147198523351893,1.913208250604192,0.04588794093407572,0.5453077629712807,27.94029105154162,121.640522875817,120.640522875817,0.3694902901785008
network_weighted_degree,network_weighted_degree,lgbm_no_network,fwd_ret_1m,high_network,189915,155,0.017701732960764733,2.8409808488217214,0.002262288072950722,1.0389495854125657,0.027147456875408666,0.5507566502746815,43.42935462177884,123.07096774193549,122.07096774193549,0.24273616118955102
network_weighted_degree,network_weighted_degree,lgbm_no_network,fwd_ret_1m,low_network,189816,155,0.05797549798770615,10.42311461793582,0.032575488807434376,4.736807322914095,0.3909058656892125,0.4963638627975725,51.95198442730824,123.0,122.0,1.5145425505754782
network_weighted_degree,network_weighted_degree,lgbm_no_network,fwd_ret_1m,mid_network,189865,155,0.027209064086864455,4.82449366829724,0.002882252931719123,0.9545167887599255,0.03458703518062947,0.526387501729752,48.33802519623506,123.04516129032258,122.04516129032258,0.23373292234700768
network_weighted_degree,network_weighted_degree,lgbm_no_network,fwd_ret_3m,high_network,185684,153,0.020932787314744225,2.7574273209294984,0.007289282082729691,1.0469685766464376,0.029157128330918766,0.5710384659211933,30.61327171334049,121.89542483660131,120.89542483660131,0.2297926199017412
network_weighted_degree,network_weighted_degree,lgbm_no_network,fwd_ret_3m,low_network,184622,153,0.07865929645113426,8.681049900153774,0.056778964710791024,3.8031955263754527,0.2271158588431641,0.5021741558705239,37.537612171065334,121.22222222222223,120.22222222222223,0.9727497895852772
network_weighted_degree,network_weighted_degree,lgbm_no_network,fwd_ret_3m,mid_network,185280,153,0.030836344113880754,4.1431565488628355,0.008739291787309606,1.1565890631201168,0.034957167149238424,0.5370945321609124,33.09315079477302,121.640522875817,120.640522875817,0.2219857493501782
network_weighted_degree,network_weighted_degree,ridge_all,fwd_ret_1m,high_network,189915,155,0.024286258457804057,2.924543833580347,0.001150477470693073,0.31025496090221727,0.013805729648316877,0.5466576303439044,48.020351699606294,123.07096774193549,122.07096774193549,0.09519223856518552
network_weighted_degree,network_weighted_degree,ridge_all,fwd_ret_1m,low_network,189816,155,0.0799355460691136,11.19070418067393,0.038383862112396305,6.47389693062109,0.46060634534875566,0.50002223634563,62.06403994721624,123.0,122.0,1.7252418152425575
network_weighted_degree,network_weighted_degree,ridge_all,fwd_ret_1m,mid_network,189865,155,0.05115425487385192,6.501402504878411,0.007446744190709852,1.8198754089645235,0.08936093028851823,0.5278191215463873,47.74132994703622,123.04516129032258,122.04516129032258,0.49259253192165486
network_weighted_degree,network_weighted_degree,ridge_all,fwd_ret_3m,high_network,185684,153,0.034060369801242676,2.776889722930936,0.001166125674780202,0.1162112944717493,0.004664502699120808,0.5729305588554152,31.482437771826476,121.89542483660131,120.89542483660131,0.031255156919539645
network_weighted_degree,network_weighted_degree,ridge_all,fwd_ret_3m,low_network,184622,153,0.09720713783481441,10.012044461762557,0.08245781618919121,5.187788268409024,0.32983126475676483,0.4920649037076761,27.80949376800303,121.22222222222223,120.22222222222223,1.1935827176821883
network_weighted_degree,network_weighted_degree,ridge_all,fwd_ret_3m,mid_network,185280,153,0.06897615440331421,5.287711364041405,0.020070511392365334,1.7017840893173348,0.08028204556946134,0.5472589166001689,28.565654987486738,121.640522875817,120.640522875817,0.419695879048866
sell_pressure,stock_sell_pressure,lgbm_all,fwd_ret_1m,high_sell_pressure,189915,155,0.04205521325321612,6.540740647856614,0.013148133795680582,3.257657619298106,0.15777760554816697,0.5142971449123172,41.27603577860718,123.07096774193549,122.07096774193549,0.7867994838311231
sell_pressure,stock_sell_pressure,lgbm_all,fwd_ret_1m,low_sell_pressure,189816,155,0.02821865251191713,4.1376932410692895,0.01295038156282132,3.287531317995318,0.15540457875385583,0.5195625537291546,52.051799157232736,123.0,122.0,1.0776862533896503
sell_pressure,stock_sell_pressure,lgbm_all,fwd_ret_1m,mid_sell_pressure,189865,155,0.03532899780826164,7.513958993159975,0.007451179407657581,2.6866455512844944,0.08941415289189097,0.5339383699780917,46.101895256333,123.04516129032258,122.04516129032258,0.6910974259780146
sell_pressure,stock_sell_pressure,lgbm_all,fwd_ret_3m,high_sell_pressure,185115,153,0.05368363355930145,6.969137094768035,0.038762410826629096,4.990296913513796,0.15504964330651638,0.5209401430911152,30.176308024406776,121.56862745098039,120.56862745098039,0.972960498218369
sell_pressure,stock_sell_pressure,lgbm_all,fwd_ret_3m,low_sell_pressure,184878,153,0.043974258513352266,4.93757161437403,0.02667004386976773,3.156264941129131,0.10668017547907092,0.5443807383290935,36.62921016271835,121.3921568627451,120.3921568627451,0.6884863414814525
sell_pressure,stock_sell_pressure,lgbm_all,fwd_ret_3m,mid_sell_pressure,185593,153,0.03669896416985788,5.223120772017914,0.014117224344297121,1.7927024425442672,0.056468897377188486,0.5618553826186595,31.43992804819346,121.86274509803921,120.86274509803921,0.41257877013289274
sell_pressure,stock_sell_pressure,lgbm_network_pressure,fwd_ret_1m,high_sell_pressure,189915,155,0.025458532240134335,2.6588722611582067,0.0035344834879042714,0.9796095509849547,0.04241380185485126,0.5110365662365527,40.12632878254387,123.07096774193549,122.07096774193549,0.24747062396974948
sell_pressure,stock_sell_pressure,lgbm_network_pressure,fwd_ret_1m,low_sell_pressure,189816,155,0.010481507909230962,1.2055792440843194,-0.0025419316521393203,-1.0073516118813597,-0.03050317982567184,0.5146753593498441,53.48559699993264,123.0,122.0,-0.3082376315233838
sell_pressure,stock_sell_pressure,lgbm_network_pressure,fwd_ret_1m,mid_sell_pressure,189865,155,0.025073544769371334,3.734845776201282,0.0035545345341663754,1.2818206284711988,0.042654414409996504,0.53119968883862,45.72425870943652,123.04516129032258,122.04516129032258,0.3802266936955208
sell_pressure,stock_sell_pressure,lgbm_network_pressure,fwd_ret_3m,high_sell_pressure,185115,153,0.017752204916801784,1.2176151154421302,0.0018591033742462603,0.15138185184030176,0.007436413496985041,0.5059920949689934,25.209252867065864,121.56862745098039,120.56862745098039,0.03950247496236734
sell_pressure,stock_sell_pressure,lgbm_network_pressure,fwd_ret_3m,low_sell_pressure,184878,153,0.01606568010747403,1.620597486145205,-0.0045767217807022795,-0.5203397808185182,-0.018306887122809118,0.5319808163458527,33.858845738986155,121.3921568627451,120.3921568627451,-0.13521120524898755
sell_pressure,stock_sell_pressure,lgbm_network_pressure,fwd_ret_3m,mid_sell_pressure,185593,153,0.021553766649626493,2.7857722450612905,0.005863368421493671,0.8977637784212315,0.023453473685974682,0.5558624273382451,29.402901578360694,121.86274509803921,120.86274509803921,0.19506275794227332
sell_pressure,stock_sell_pressure,lgbm_no_network,fwd_ret_1m,high_sell_pressure,189915,155,0.04875676265254443,8.364055490849296,0.017355817181077222,3.1629761314518805,0.20826980617292667,0.5163875915342161,43.94841535759099,123.07096774193549,122.07096774193549,0.9233030617880323
sell_pressure,stock_sell_pressure,lgbm_no_network,fwd_ret_1m,low_sell_pressure,189816,155,0.04110626161743226,5.006130341252445,0.012722961874786599,2.0915126174405008,0.1526755424974392,0.5208650529011687,52.18313203045492,123.0,122.0,0.7146064110309228
sell_pressure,stock_sell_pressure,lgbm_no_network,fwd_ret_1m,mid_sell_pressure,189865,155,0.03819858759131557,6.626770489102545,0.0083073114750651,2.4136357617063937,0.0996877377007812,0.5362741601218317,47.60457061821222,123.04516129032258,122.04516129032258,0.6907486005930217
sell_pressure,stock_sell_pressure,lgbm_no_network,fwd_ret_3m,high_sell_pressure,185115,153,0.07375534135944777,9.492217959216342,0.04214655934450833,3.8066131684272433,0.16858623737803333,0.5165682007006367,31.278278756379887,121.56862745098039,120.56862745098039,0.835925066812102
sell_pressure,stock_sell_pressure,lgbm_no_network,fwd_ret_3m,low_sell_pressure,184878,153,0.04822029322875732,5.824880147287169,0.029074478985183966,2.6728753824508984,0.11629791594073587,0.5378988020458866,38.579084906734,121.3921568627451,120.3921568627451,0.6444291600487005
sell_pressure,stock_sell_pressure,lgbm_no_network,fwd_ret_3m,mid_sell_pressure,185593,153,0.03908622972246068,5.841917257541478,0.011326177208948067,1.0323517553918853,0.04530470883579227,0.556081411601252,32.26033656854669,121.86274509803921,120.86274509803921,0.23831839661532891
sell_pressure,stock_sell_pressure,ridge_all,fwd_ret_1m,high_sell_pressure,189915,155,0.0544070946400452,8.984294497394727,0.017636256828857076,2.8594094371747927,0.21163508194628491,0.5128696028827291,43.9436342771969,123.07096774193549,122.07096774193549,0.7896898765429057
sell_pressure,stock_sell_pressure,ridge_all,fwd_ret_1m,low_sell_pressure,189816,155,0.0835718602078686,9.026295531142127,0.017655543157280983,2.952395247965632,0.2118665178873718,0.527698031600116,69.24322527078883,123.0,122.0,1.045570643706858
sell_pressure,stock_sell_pressure,ridge_all,fwd_ret_1m,mid_sell_pressure,189865,155,0.07008796500648046,8.371512822063973,0.009732119485488236,2.364978488717473,0.11678543382585882,0.5339498864977673,50.25381860324197,123.04516129032258,122.04516129032258,0.7055736788784978
sell_pressure,stock_sell_pressure,ridge_all,fwd_ret_3m,high_sell_pressure,185115,153,0.07566416703877514,8.306475144463532,0.04133746698697133,2.733636183827665,0.1653498679478853,0.511917101649574,25.71394034128623,121.56862745098039,120.56862745098039,0.678743304312662
sell_pressure,stock_sell_pressure,ridge_all,fwd_ret_3m,low_sell_pressure,184878,153,0.1059085816493114,6.63996004340214,0.03744084270647516,2.110516217637736,0.14976337082590063,0.541839619359271,34.62022557195392,121.3921568627451,120.3921568627451,0.5897155961704797
sell_pressure,stock_sell_pressure,ridge_all,fwd_ret_3m,mid_sell_pressure,185593,153,0.07716132050200072,5.986359188518229,0.014620347931258219,1.0061990246505528,0.058481391725032875,0.5587909705318452,29.720525691090426,121.86274509803921,120.86274509803921,0.2753191988154744
